{"cameraMode":{"drawMode":0,"name":"Shaded","section":"Shading Mode"},"sceneLighting":true,"audioPlay":false,"sceneViewState":{"m_AlwaysRefresh":false,"showFog":true,"showSkybox":true,"showFlares":true,"showImageEffects":true,"showParticleSystems":true,"showVisualEffectGraphs":true,"m_FxEnabled":true},"in2DMode":false,"pivot":{"x":312.1424560546875,"y":1.7688504457473755,"z":303.84344482421877},"rotation":{"x":0.08349781483411789,"y":-0.912380039691925,"z":0.23432764410972596,"w":0.32510119676589968},"size":5.889769554138184,"orthographic":false}